file_name,predicted_class,score
bobcat/LowerTrailCamera_EK000029.JPG,deer,0.9156148
bobcat/LowerTrailCamera_EK000274.JPG,skunk,0.8438115
bobcat/LowerTrailCamera_EK000275.JPG,skunk,0.89123577
bobcat/LowerTrailCamera_EK000550.JPG,skunk,0.6699224
bobcat/LowerTrailCamera_EK001075.JPG,rabbit,0.39220098
bobcat/LowerTrailCamera_EK001076.JPG,rabbit,0.4687275
bobcat/LowerTrailCamera_EK001077.JPG,rabbit,0.45827436
bobcat/LowerTrailCamera_EK003010.JPG,deer,0.998798
bobcat/LowerTrailCamera_EK006547.JPG,deer,0.9078991
bobcat/LowerTrailCamera_EK006637.JPG,rabbit,0.46390867
bobcat/LowerTrailCamera_EK006638.JPG,deer,0.39058688
bobcat/LowerTrailCamera_EK006639.JPG,deer,0.5952238
deer/LowerTrailCamera_EK000128.JPG,nothing,0.55887085
deer/LowerTrailCamera_EK000129.JPG,nothing,0.5921939
deer/LowerTrailCamera_EK000242.JPG,rabbit,0.46929938
deer/LowerTrailCamera_EK001084.JPG,bobcat,0.8779179
deer/LowerTrailCamera_EK001085.JPG,skunk,0.6008514
deer/LowerTrailCamera_EK001427.JPG,bobcat,0.6111125
deer/LowerTrailCamera_EK002237.JPG,rabbit,0.410095
deer/LowerTrailCamera_EK002735.JPG,squirrel,0.75857747
deer/LowerTrailCamera_EK002736.JPG,nothing,0.40130374
deer/LowerTrailCamera_EK002791.JPG,human,0.7368406
human/LowerTrailCamera_EK000063.JPG,nothing,0.8233447
human/LowerTrailCamera_EK000170.JPG,rabbit,0.7106978
human/LowerTrailCamera_EK000402.JPG,nothing,0.7143557
human/LowerTrailCamera_EK000550.JPG,squirrel,0.50060254
human/LowerTrailCamera_EK000552.JPG,squirrel,0.64117765
human/LowerTrailCamera_EK000827.JPG,squirrel,0.91687316
human/LowerTrailCamera_EK000828.JPG,squirrel,0.9231105
human/LowerTrailCamera_EK000858.JPG,squirrel,0.7901972
human/LowerTrailCamera_EK000873.JPG,squirrel,0.7579683
human/LowerTrailCamera_EK001260.JPG,nothing,0.41654932
human/LowerTrailCamera_EK001697.JPG,squirrel,0.9373157
human/LowerTrailCamera_EK001745.JPG,nothing,0.4129677
human/LowerTrailCamera_EK001801.JPG,bobcat,0.9382695
human/LowerTrailCamera_EK002617.JPG,nothing,0.56853485
human/LowerTrailCamera_EK002903.JPG,nothing,0.7273467
human/LowerTrailCamera_EK002904.JPG,nothing,0.7854174
human/LowerTrailCamera_EK002994.JPG,rabbit,0.898221
human/LowerTrailCamera_EK003640.JPG,nothing,0.5026948
human/LowerTrailCamera_EK003641.JPG,squirrel,0.5654641
human/LowerTrailCamera_EK003642.JPG,squirrel,0.47720373
nothing/LowerTrailCamera_EK000001.JPG,squirrel,0.7637914
nothing/LowerTrailCamera_EK000002.JPG,human,0.8922787
nothing/LowerTrailCamera_EK000003.JPG,squirrel,0.79441035
nothing/LowerTrailCamera_EK000052.JPG,rabbit,0.6882531
nothing/LowerTrailCamera_EK000103.JPG,squirrel,0.9664924
nothing/LowerTrailCamera_EK000104.JPG,squirrel,0.9742948
nothing/LowerTrailCamera_EK000105.JPG,squirrel,0.92817974
nothing/LowerTrailCamera_EK000301.JPG,squirrel,0.55678976
nothing/LowerTrailCamera_EK000302.JPG,squirrel,0.5808352
nothing/LowerTrailCamera_EK000303.JPG,squirrel,0.39205068
nothing/LowerTrailCamera_EK000328.JPG,human,0.9961241
nothing/LowerTrailCamera_EK000357.JPG,squirrel,0.58388287
nothing/LowerTrailCamera_EK000382.JPG,squirrel,0.54445434
nothing/LowerTrailCamera_EK000384.JPG,squirrel,0.5738993
nothing/LowerTrailCamera_EK000403.JPG,squirrel,0.36742783
nothing/LowerTrailCamera_EK000404.JPG,squirrel,0.71637213
nothing/LowerTrailCamera_EK000405.JPG,squirrel,0.56294507
nothing/LowerTrailCamera_EK000475.JPG,squirrel,0.5945548
nothing/LowerTrailCamera_EK000476.JPG,squirrel,0.5446867
nothing/LowerTrailCamera_EK000482.JPG,deer,0.7679396
nothing/LowerTrailCamera_EK000483.JPG,deer,0.9553342
nothing/LowerTrailCamera_EK000625.JPG,deer,0.65798265
nothing/LowerTrailCamera_EK000626.JPG,deer,0.72160614
nothing/LowerTrailCamera_EK000627.JPG,deer,0.636737
nothing/LowerTrailCamera_EK000665.JPG,skunk,0.659581
nothing/LowerTrailCamera_EK000781.JPG,squirrel,0.88461596
nothing/LowerTrailCamera_EK000814.JPG,squirrel,0.82267135
nothing/LowerTrailCamera_EK000815.JPG,squirrel,0.9044059
nothing/LowerTrailCamera_EK000816.JPG,squirrel,0.938767
nothing/LowerTrailCamera_EK000856.JPG,squirrel,0.811826
nothing/LowerTrailCamera_EK000857.JPG,squirrel,0.6353107
nothing/LowerTrailCamera_EK001008.JPG,skunk,0.47239473
nothing/LowerTrailCamera_EK001285.JPG,squirrel,0.6558694
nothing/LowerTrailCamera_EK001286.JPG,squirrel,0.71141386
nothing/LowerTrailCamera_EK001287.JPG,squirrel,0.8228287
nothing/LowerTrailCamera_EK001289.JPG,skunk,0.3782119
nothing/LowerTrailCamera_EK001447.JPG,squirrel,0.9585125
nothing/LowerTrailCamera_EK001448.JPG,squirrel,0.96039337
nothing/LowerTrailCamera_EK001471.JPG,squirrel,0.72090465
nothing/LowerTrailCamera_EK001489.JPG,squirrel,0.51594347
nothing/LowerTrailCamera_EK001490.JPG,squirrel,0.5687927
nothing/LowerTrailCamera_EK001491.JPG,squirrel,0.6759446
nothing/LowerTrailCamera_EK001539.JPG,squirrel,0.9105287
nothing/LowerTrailCamera_EK001886.JPG,deer,0.46005914
nothing/LowerTrailCamera_EK001887.JPG,deer,0.4379061
nothing/LowerTrailCamera_EK001894.JPG,human,0.5219321
nothing/LowerTrailCamera_EK001963.JPG,rabbit,0.84837687
nothing/LowerTrailCamera_EK001964.JPG,rabbit,0.92692804
nothing/LowerTrailCamera_EK001965.JPG,rabbit,0.81774783
nothing/LowerTrailCamera_EK002012.JPG,skunk,0.44667384
nothing/LowerTrailCamera_EK002013.JPG,skunk,0.7437511
nothing/LowerTrailCamera_EK002125.JPG,rabbit,0.6407559
nothing/LowerTrailCamera_EK002126.JPG,rabbit,0.59089345
nothing/LowerTrailCamera_EK002127.JPG,rabbit,0.45725986
nothing/LowerTrailCamera_EK002207.JPG,human,0.7323391
nothing/LowerTrailCamera_EK002208.JPG,human,0.61344606
nothing/LowerTrailCamera_EK002274.JPG,rabbit,0.76765615
nothing/LowerTrailCamera_EK002320.JPG,squirrel,0.9032024
nothing/LowerTrailCamera_EK002321.JPG,human,0.58773607
nothing/LowerTrailCamera_EK002322.JPG,human,0.5883607
nothing/LowerTrailCamera_EK002482.JPG,deer,0.5298083
nothing/LowerTrailCamera_EK002483.JPG,deer,0.46654418
nothing/LowerTrailCamera_EK002484.JPG,squirrel,0.31869498
nothing/LowerTrailCamera_EK002492.JPG,skunk,0.5115533
nothing/LowerTrailCamera_EK002493.JPG,rabbit,0.8579049
nothing/LowerTrailCamera_EK002624.JPG,squirrel,0.9948138
nothing/LowerTrailCamera_EK002648.JPG,squirrel,0.46715286
nothing/LowerTrailCamera_EK002649.JPG,squirrel,0.5320596
nothing/LowerTrailCamera_EK002712.JPG,squirrel,0.86313874
nothing/LowerTrailCamera_EK002745.JPG,rabbit,0.81915426
nothing/LowerTrailCamera_EK002797.JPG,squirrel,0.73942906
nothing/LowerTrailCamera_EK002798.JPG,squirrel,0.5103782
nothing/LowerTrailCamera_EK002799.JPG,squirrel,0.38476628
nothing/LowerTrailCamera_EK002935.JPG,squirrel,0.4582435
nothing/LowerTrailCamera_EK002936.JPG,squirrel,0.35554144
nothing/LowerTrailCamera_EK002937.JPG,human,0.41205445
nothing/LowerTrailCamera_EK002973.JPG,squirrel,0.71001077
nothing/LowerTrailCamera_EK003167.JPG,human,0.45924893
nothing/LowerTrailCamera_EK003548.JPG,rabbit,0.3918734
nothing/LowerTrailCamera_EK003549.JPG,rabbit,0.3641129
nothing/LowerTrailCamera_EK003609.JPG,rabbit,0.29969546
nothing/LowerTrailCamera_EK003750.JPG,squirrel,0.62278175
nothing/LowerTrailCamera_EK003844.JPG,rabbit,0.95895725
nothing/LowerTrailCamera_EK003845.JPG,rabbit,0.9202788
nothing/LowerTrailCamera_EK003846.JPG,rabbit,0.8468463
nothing/LowerTrailCamera_EK004633.JPG,squirrel,0.8136437
nothing/LowerTrailCamera_EK004634.JPG,squirrel,0.51912546
nothing/LowerTrailCamera_EK004705.JPG,human,0.6129187
nothing/LowerTrailCamera_EK004747.JPG,squirrel,0.99684024
nothing/LowerTrailCamera_EK004748.JPG,squirrel,0.9995402
nothing/LowerTrailCamera_EK004749.JPG,squirrel,0.9781771
nothing/LowerTrailCamera_EK005506.JPG,squirrel,0.6709789
nothing/LowerTrailCamera_EK005507.JPG,squirrel,0.99263847
nothing/LowerTrailCamera_EK005508.JPG,squirrel,0.62843597
nothing/LowerTrailCamera_EK005658.JPG,human,0.77281106
nothing/LowerTrailCamera_EK005950.JPG,squirrel,0.5635155
nothing/LowerTrailCamera_EK005984.JPG,squirrel,0.9406265
nothing/LowerTrailCamera_EK005985.JPG,squirrel,0.69405925
nothing/LowerTrailCamera_EK006295.JPG,squirrel,0.74190843
nothing/LowerTrailCamera_EK006297.JPG,squirrel,0.5375814
nothing/LowerTrailCamera_EK006998.JPG,squirrel,0.59238356
nothing/LowerTrailCamera_EK007000.JPG,squirrel,0.54030997
nothing/LowerTrailCamera_EK007023.JPG,squirrel,0.34974188
nothing/LowerTrailCamera_EK007256.JPG,squirrel,0.5134934
nothing/LowerTrailCamera_EK007354.JPG,squirrel,0.6782045
nothing/LowerTrailCamera_EK007524.JPG,squirrel,0.7793922
nothing/LowerTrailCamera_EK007698.JPG,squirrel,0.526614
nothing/LowerTrailCamera_EK007929.JPG,squirrel,0.54719067
nothing/LowerTrailCamera_EK007993.JPG,squirrel,0.39028943
nothing/LowerTrailCamera_EK007994.JPG,rabbit,0.41990325
nothing/LowerTrailCamera_EK007995.JPG,squirrel,0.55128753
rabbit/LowerTrailCamera_EK000331.JPG,squirrel,0.40381718
rabbit/LowerTrailCamera_EK001880.JPG,squirrel,0.95792145
rabbit/LowerTrailCamera_EK002116.JPG,skunk,0.7057279
rabbit/LowerTrailCamera_EK002117.JPG,skunk,0.5098617
rabbit/LowerTrailCamera_EK002118.JPG,skunk,0.5417756
rabbit/LowerTrailCamera_EK002259.JPG,bobcat,0.90508723
rabbit/LowerTrailCamera_EK003625.JPG,nothing,0.9904944
rabbit/LowerTrailCamera_EK004246.JPG,nothing,0.8523675
rabbit/LowerTrailCamera_EK004247.JPG,nothing,0.9415403
rabbit/LowerTrailCamera_EK004248.JPG,nothing,0.845589
rabbit/LowerTrailCamera_EK005833.JPG,squirrel,0.5460583
rabbit/LowerTrailCamera_EK005834.JPG,squirrel,0.7019888
rabbit/LowerTrailCamera_EK005835.JPG,squirrel,0.83272165
skunk/LowerTrailCamera_EK000488.JPG,bobcat,0.55695796
skunk/LowerTrailCamera_EK000631.JPG,nothing,0.4817982
skunk/LowerTrailCamera_EK000664.JPG,rabbit,0.33875427
skunk/LowerTrailCamera_EK001198.JPG,nothing,0.5255567
skunk/LowerTrailCamera_EK001199.JPG,nothing,0.8421188
skunk/LowerTrailCamera_EK001699.JPG,nothing,0.62902015
skunk/LowerTrailCamera_EK001700.JPG,nothing,0.71428144
skunk/LowerTrailCamera_EK001701.JPG,nothing,0.561622
skunk/LowerTrailCamera_EK002020.JPG,rabbit,0.61057276
skunk/LowerTrailCamera_EK002743.JPG,rabbit,0.87393844
skunk/LowerTrailCamera_EK002744.JPG,rabbit,0.5906935
squirrel/LowerTrailCamera_EK000358.JPG,rabbit,0.26903486
squirrel/LowerTrailCamera_EK000415.JPG,nothing,0.7894924
squirrel/LowerTrailCamera_EK000416.JPG,nothing,0.81067556
squirrel/LowerTrailCamera_EK000417.JPG,nothing,0.86957234
squirrel/LowerTrailCamera_EK001089.JPG,deer,0.68024284
squirrel/LowerTrailCamera_EK001143.JPG,bobcat,0.75144786
squirrel/LowerTrailCamera_EK003421.JPG,nothing,0.5577533
squirrel/LowerTrailCamera_EK003422.JPG,nothing,0.5106415
squirrel/LowerTrailCamera_EK004645.JPG,nothing,0.5850743
squirrel/LowerTrailCamera_EK004646.JPG,nothing,0.4904159
squirrel/LowerTrailCamera_EK004647.JPG,rabbit,0.69599897
squirrel/LowerTrailCamera_EK005488.JPG,nothing,0.49578753
squirrel/LowerTrailCamera_EK007024.JPG,nothing,0.38194597
squirrel/LowerTrailCamera_EK007861.JPG,nothing,0.98528177
squirrel/LowerTrailCamera_EK007862.JPG,nothing,0.8179525
squirrel/LowerTrailCamera_EK007863.JPG,nothing,0.88283414
bobcat/LowerTrailCamera_EK000156.JPG,rabbit,0.9319433
bobcat/LowerTrailCamera_EK000835.JPG,rabbit,0.9999888
bobcat/LowerTrailCamera_EK001078.JPG,skunk,0.48640287
bobcat/LowerTrailCamera_EK001625.JPG,rabbit,0.46483874
bobcat/LowerTrailCamera_EK001626.JPG,rabbit,0.45447427
bobcat/LowerTrailCamera_EK003295.JPG,rabbit,0.7707449
bobcat/LowerTrailCamera_EK005175.JPG,deer,0.5147394
deer/LowerTrailCamera_EK000130.JPG,bobcat,0.56061673
deer/LowerTrailCamera_EK000347.JPG,nothing,0.6560768
deer/LowerTrailCamera_EK000348.JPG,nothing,0.7100446
deer/LowerTrailCamera_EK000515.JPG,bobcat,0.56771797
deer/LowerTrailCamera_EK000757.JPG,squirrel,0.6710673
deer/LowerTrailCamera_EK000758.JPG,squirrel,0.80453783
deer/LowerTrailCamera_EK001501.JPG,squirrel,0.9140847
deer/LowerTrailCamera_EK001739.JPG,squirrel,0.92304885
deer/LowerTrailCamera_EK001740.JPG,squirrel,0.9951871
deer/LowerTrailCamera_EK001837.JPG,skunk,0.9814223
deer/LowerTrailCamera_EK002359.JPG,human,0.91726416
deer/LowerTrailCamera_EK002360.JPG,human,0.92542076
deer/LowerTrailCamera_EK002361.JPG,human,0.8881203
deer/LowerTrailCamera_EK002632.JPG,squirrel,0.6649276
deer/LowerTrailCamera_EK003241.JPG,bobcat,0.6785996
deer/LowerTrailCamera_EK003483.JPG,rabbit,0.5714704
deer/LowerTrailCamera_EK003485.JPG,rabbit,0.3414043
deer/LowerTrailCamera_EK003486.JPG,squirrel,0.37167722
human/LowerTrailCamera_EK000034.JPG,squirrel,0.78868544
human/LowerTrailCamera_EK000036.JPG,nothing,0.5805642
human/LowerTrailCamera_EK000286.JPG,deer,0.9405407
human/LowerTrailCamera_EK000502.JPG,nothing,0.62873673
human/LowerTrailCamera_EK000503.JPG,squirrel,0.82882214
human/LowerTrailCamera_EK001725.JPG,squirrel,0.8200795
human/LowerTrailCamera_EK002428.JPG,squirrel,0.51328856
human/LowerTrailCamera_EK002805.JPG,deer,0.69359386
human/LowerTrailCamera_EK003919.JPG,squirrel,0.8217335
human/LowerTrailCamera_EK005788.JPG,rabbit,0.4016225
nothing/LowerTrailCamera_EK000040.JPG,deer,0.7529106
nothing/LowerTrailCamera_EK000041.JPG,deer,0.8011929
nothing/LowerTrailCamera_EK000042.JPG,deer,0.73324263
nothing/LowerTrailCamera_EK000078.JPG,squirrel,0.7664698
nothing/LowerTrailCamera_EK000079.JPG,squirrel,0.71836597
nothing/LowerTrailCamera_EK000080.JPG,squirrel,0.6843485
nothing/LowerTrailCamera_EK000090.JPG,skunk,0.7901976
nothing/LowerTrailCamera_EK000094.JPG,skunk,0.8734717
nothing/LowerTrailCamera_EK000095.JPG,skunk,0.65144986
nothing/LowerTrailCamera_EK000096.JPG,skunk,0.7826695
nothing/LowerTrailCamera_EK000179.JPG,rabbit,0.89636755
nothing/LowerTrailCamera_EK000180.JPG,rabbit,0.6849557
nothing/LowerTrailCamera_EK000312.JPG,human,0.961623
nothing/LowerTrailCamera_EK000340.JPG,deer,0.94331276
nothing/LowerTrailCamera_EK000360.JPG,squirrel,0.41358292
nothing/LowerTrailCamera_EK000368.JPG,rabbit,0.852554
nothing/LowerTrailCamera_EK000388.JPG,squirrel,0.9585254
nothing/LowerTrailCamera_EK000389.JPG,squirrel,0.95772916
nothing/LowerTrailCamera_EK000390.JPG,squirrel,0.9335386
nothing/LowerTrailCamera_EK000466.JPG,rabbit,0.42935148
nothing/LowerTrailCamera_EK000467.JPG,rabbit,0.64463496
nothing/LowerTrailCamera_EK000468.JPG,rabbit,0.5757924
nothing/LowerTrailCamera_EK000512.JPG,squirrel,0.7844153
nothing/LowerTrailCamera_EK000513.JPG,squirrel,0.781458
nothing/LowerTrailCamera_EK000587.JPG,human,0.49740648
nothing/LowerTrailCamera_EK000588.JPG,human,0.76918447
nothing/LowerTrailCamera_EK000632.JPG,skunk,0.7675139
nothing/LowerTrailCamera_EK000633.JPG,skunk,0.83408964
nothing/LowerTrailCamera_EK000737.JPG,squirrel,0.6954492
nothing/LowerTrailCamera_EK000738.JPG,squirrel,0.54565877
nothing/LowerTrailCamera_EK000754.JPG,human,0.62256014
nothing/LowerTrailCamera_EK000755.JPG,human,0.48400968
nothing/LowerTrailCamera_EK000756.JPG,squirrel,0.55275434
nothing/LowerTrailCamera_EK000790.JPG,human,0.36543474
nothing/LowerTrailCamera_EK000791.JPG,human,0.4310407
nothing/LowerTrailCamera_EK000792.JPG,squirrel,0.34557587
nothing/LowerTrailCamera_EK000804.JPG,squirrel,0.6831158
nothing/LowerTrailCamera_EK000849.JPG,squirrel,0.97112477
nothing/LowerTrailCamera_EK000899.JPG,human,0.5032383
nothing/LowerTrailCamera_EK000900.JPG,squirrel,0.72874945
nothing/LowerTrailCamera_EK001049.JPG,human,0.5067003
nothing/LowerTrailCamera_EK001050.JPG,squirrel,0.4517898
nothing/LowerTrailCamera_EK001069.JPG,skunk,0.94765556
nothing/LowerTrailCamera_EK001070.JPG,skunk,0.6574012
nothing/LowerTrailCamera_EK001071.JPG,skunk,0.8968902
nothing/LowerTrailCamera_EK001214.JPG,squirrel,0.5466859
nothing/LowerTrailCamera_EK001321.JPG,skunk,0.47800538
nothing/LowerTrailCamera_EK001459.JPG,human,0.4492219
nothing/LowerTrailCamera_EK001460.JPG,squirrel,0.6757537
nothing/LowerTrailCamera_EK001461.JPG,squirrel,0.49542877
nothing/LowerTrailCamera_EK001534.JPG,squirrel,0.97246045
nothing/LowerTrailCamera_EK001535.JPG,squirrel,0.99062914
nothing/LowerTrailCamera_EK001536.JPG,squirrel,0.9948915
nothing/LowerTrailCamera_EK001586.JPG,squirrel,0.9939948
nothing/LowerTrailCamera_EK001587.JPG,squirrel,0.9957021
nothing/LowerTrailCamera_EK001723.JPG,human,0.4375668
nothing/LowerTrailCamera_EK001788.JPG,human,0.9409075
nothing/LowerTrailCamera_EK001901.JPG,skunk,0.9966832
nothing/LowerTrailCamera_EK001902.JPG,skunk,0.98479223
nothing/LowerTrailCamera_EK001917.JPG,human,0.77930754
nothing/LowerTrailCamera_EK001954.JPG,skunk,0.840301
nothing/LowerTrailCamera_EK001956.JPG,skunk,0.8262038
nothing/LowerTrailCamera_EK002023.JPG,human,0.81140393
nothing/LowerTrailCamera_EK002026.JPG,skunk,0.99248934
nothing/LowerTrailCamera_EK002027.JPG,skunk,0.99822825
nothing/LowerTrailCamera_EK002028.JPG,skunk,0.9964902
nothing/LowerTrailCamera_EK002057.JPG,skunk,0.9783271
nothing/LowerTrailCamera_EK002058.JPG,skunk,0.9836795
nothing/LowerTrailCamera_EK002076.JPG,rabbit,0.5023812
nothing/LowerTrailCamera_EK002119.JPG,human,0.39049178
nothing/LowerTrailCamera_EK002231.JPG,skunk,0.6898326
nothing/LowerTrailCamera_EK002232.JPG,skunk,0.5341751
nothing/LowerTrailCamera_EK002302.JPG,skunk,0.8435992
nothing/LowerTrailCamera_EK002303.JPG,skunk,0.99171793
nothing/LowerTrailCamera_EK002304.JPG,skunk,0.94135404
nothing/LowerTrailCamera_EK002513.JPG,rabbit,0.5269855
nothing/LowerTrailCamera_EK002514.JPG,rabbit,0.51375276
nothing/LowerTrailCamera_EK002517.JPG,skunk,0.51446664
nothing/LowerTrailCamera_EK002620.JPG,human,0.50835997
nothing/LowerTrailCamera_EK002633.JPG,squirrel,0.41369125
nothing/LowerTrailCamera_EK002634.JPG,squirrel,0.5920599
nothing/LowerTrailCamera_EK002713.JPG,human,0.87696385
nothing/LowerTrailCamera_EK002714.JPG,human,0.81022704
nothing/LowerTrailCamera_EK002715.JPG,human,0.89425004
nothing/LowerTrailCamera_EK002780.JPG,deer,0.5342377
nothing/LowerTrailCamera_EK002781.JPG,human,0.3563741
nothing/LowerTrailCamera_EK002932.JPG,human,0.5202665
nothing/LowerTrailCamera_EK002933.JPG,human,0.5525458
nothing/LowerTrailCamera_EK002934.JPG,human,0.6988414
nothing/LowerTrailCamera_EK003012.JPG,deer,0.35342488
nothing/LowerTrailCamera_EK003088.JPG,human,0.63769966
nothing/LowerTrailCamera_EK003089.JPG,human,0.42168096
nothing/LowerTrailCamera_EK003162.JPG,squirrel,0.69844073
nothing/LowerTrailCamera_EK003215.JPG,human,0.6095119
nothing/LowerTrailCamera_EK003304.JPG,squirrel,0.50863844
nothing/LowerTrailCamera_EK003305.JPG,squirrel,0.7828731
nothing/LowerTrailCamera_EK003306.JPG,squirrel,0.6297244
nothing/LowerTrailCamera_EK003535.JPG,human,0.46879634
nothing/LowerTrailCamera_EK003536.JPG,human,0.48035282
nothing/LowerTrailCamera_EK003537.JPG,human,0.5782594
nothing/LowerTrailCamera_EK003676.JPG,human,0.9510629
nothing/LowerTrailCamera_EK003678.JPG,human,0.59645945
nothing/LowerTrailCamera_EK003752.JPG,squirrel,0.46234
nothing/LowerTrailCamera_EK003905.JPG,bobcat,0.50064284
nothing/LowerTrailCamera_EK003906.JPG,bobcat,0.5655495
nothing/LowerTrailCamera_EK004009.JPG,squirrel,0.5158031
nothing/LowerTrailCamera_EK004011.JPG,squirrel,0.4153403
nothing/LowerTrailCamera_EK004147.JPG,squirrel,0.49999487
nothing/LowerTrailCamera_EK004514.JPG,squirrel,0.8641469
nothing/LowerTrailCamera_EK004515.JPG,squirrel,0.63539416
nothing/LowerTrailCamera_EK004642.JPG,squirrel,0.8467683
nothing/LowerTrailCamera_EK004643.JPG,squirrel,0.8932007
nothing/LowerTrailCamera_EK004644.JPG,squirrel,0.92970127
nothing/LowerTrailCamera_EK004725.JPG,squirrel,0.654289
nothing/LowerTrailCamera_EK005092.JPG,squirrel,0.4533409
nothing/LowerTrailCamera_EK005093.JPG,squirrel,0.38793314
nothing/LowerTrailCamera_EK005191.JPG,deer,0.6190108
nothing/LowerTrailCamera_EK005803.JPG,human,0.4073174
nothing/LowerTrailCamera_EK005822.JPG,human,0.67701083
nothing/LowerTrailCamera_EK005824.JPG,rabbit,0.8177589
nothing/LowerTrailCamera_EK006093.JPG,squirrel,0.53990656
nothing/LowerTrailCamera_EK006176.JPG,rabbit,0.79126054
nothing/LowerTrailCamera_EK006177.JPG,rabbit,0.7895157
nothing/LowerTrailCamera_EK006661.JPG,human,0.3939908
nothing/LowerTrailCamera_EK006663.JPG,squirrel,0.5417346
nothing/LowerTrailCamera_EK007429.JPG,squirrel,0.35118946
nothing/LowerTrailCamera_EK007430.JPG,squirrel,0.43209848
nothing/LowerTrailCamera_EK007431.JPG,squirrel,0.37658876
nothing/LowerTrailCamera_EK007540.JPG,squirrel,0.8452525
nothing/LowerTrailCamera_EK007541.JPG,squirrel,0.7787007
nothing/LowerTrailCamera_EK007542.JPG,squirrel,0.5250892
nothing/LowerTrailCamera_EK007657.JPG,squirrel,0.6869531
nothing/LowerTrailCamera_EK007659.JPG,squirrel,0.76047766
rabbit/LowerTrailCamera_EK000040.JPG,bobcat,0.70997494
rabbit/LowerTrailCamera_EK000041.JPG,skunk,0.7131892
rabbit/LowerTrailCamera_EK000042.JPG,deer,0.4126638
rabbit/LowerTrailCamera_EK000067.JPG,bobcat,0.9974185
rabbit/LowerTrailCamera_EK000068.JPG,bobcat,0.9968098
rabbit/LowerTrailCamera_EK000115.JPG,deer,0.99649626
rabbit/LowerTrailCamera_EK000195.JPG,bobcat,0.7274145
rabbit/LowerTrailCamera_EK000682.JPG,deer,0.85366935
rabbit/LowerTrailCamera_EK000684.JPG,deer,0.53924894
rabbit/LowerTrailCamera_EK000748.JPG,bobcat,0.999666
rabbit/LowerTrailCamera_EK000749.JPG,skunk,0.64778143
rabbit/LowerTrailCamera_EK000750.JPG,skunk,0.9024163
rabbit/LowerTrailCamera_EK002299.JPG,skunk,0.98275054
rabbit/LowerTrailCamera_EK002371.JPG,bobcat,0.51896155
rabbit/LowerTrailCamera_EK002710.JPG,human,0.39140272
rabbit/LowerTrailCamera_EK002711.JPG,human,0.9771797
rabbit/LowerTrailCamera_EK003611.JPG,bobcat,0.6132194
rabbit/LowerTrailCamera_EK003612.JPG,squirrel,0.94800436
rabbit/LowerTrailCamera_EK003871.JPG,nothing,0.49632904
rabbit/LowerTrailCamera_EK005790.JPG,squirrel,0.6756001
skunk/LowerTrailCamera_EK000146.JPG,nothing,0.42974153
skunk/LowerTrailCamera_EK001884.JPG,bobcat,0.81699705
skunk/LowerTrailCamera_EK002725.JPG,bobcat,0.6076445
squirrel/LowerTrailCamera_EK000050.JPG,nothing,0.6577266
squirrel/LowerTrailCamera_EK000052.JPG,nothing,0.9324284
squirrel/LowerTrailCamera_EK000053.JPG,nothing,0.7401679
squirrel/LowerTrailCamera_EK000054.JPG,nothing,0.903947
squirrel/LowerTrailCamera_EK000175.JPG,human,0.4512203
squirrel/LowerTrailCamera_EK000442.JPG,human,0.521104
squirrel/LowerTrailCamera_EK000496.JPG,nothing,0.9185745
squirrel/LowerTrailCamera_EK000497.JPG,nothing,0.78983116
squirrel/LowerTrailCamera_EK000498.JPG,nothing,0.9246213
squirrel/LowerTrailCamera_EK001393.JPG,human,0.6840952
squirrel/LowerTrailCamera_EK001564.JPG,human,0.6520401
squirrel/LowerTrailCamera_EK001565.JPG,human,0.8569871
squirrel/LowerTrailCamera_EK001566.JPG,human,0.8325079
squirrel/LowerTrailCamera_EK002716.JPG,human,0.93864346
squirrel/LowerTrailCamera_EK002717.JPG,human,0.8299135
squirrel/LowerTrailCamera_EK002718.JPG,human,0.84673196
squirrel/LowerTrailCamera_EK005480.JPG,human,0.35380054
squirrel/LowerTrailCamera_EK005481.JPG,nothing,0.4217
squirrel/LowerTrailCamera_EK006626.JPG,nothing,0.97853893
squirrel/LowerTrailCamera_EK006627.JPG,nothing,0.97137433
squirrel/LowerTrailCamera_EK007457.JPG,nothing,0.7899309
squirrel/LowerTrailCamera_EK007458.JPG,nothing,0.53533417
bobcat/LowerTrailCamera_EK000025.JPG,deer,0.8442239
bobcat/LowerTrailCamera_EK000026.JPG,deer,0.79763854
bobcat/LowerTrailCamera_EK000027.JPG,deer,0.5687003
bobcat/LowerTrailCamera_EK000925.JPG,rabbit,0.9933215
bobcat/LowerTrailCamera_EK000926.JPG,rabbit,0.9919911
bobcat/LowerTrailCamera_EK001495.JPG,rabbit,0.5236791
bobcat/LowerTrailCamera_EK001631.JPG,rabbit,0.9424377
bobcat/LowerTrailCamera_EK002078.JPG,squirrel,0.85620093
bobcat/LowerTrailCamera_EK002079.JPG,squirrel,0.43060467
deer/LowerTrailCamera_EK000048.JPG,nothing,0.9032836
deer/LowerTrailCamera_EK001420.JPG,nothing,0.41923755
deer/LowerTrailCamera_EK001421.JPG,nothing,0.49376428
deer/LowerTrailCamera_EK001422.JPG,squirrel,0.34094897
deer/LowerTrailCamera_EK001751.JPG,squirrel,0.66302204
human/LowerTrailCamera_EK000023.JPG,nothing,0.575347
human/LowerTrailCamera_EK001645.JPG,squirrel,0.9739872
human/LowerTrailCamera_EK001646.JPG,squirrel,0.9543658
human/LowerTrailCamera_EK001647.JPG,deer,0.4091346
human/LowerTrailCamera_EK001708.JPG,squirrel,0.5053975
human/LowerTrailCamera_EK001749.JPG,squirrel,0.78820956
human/LowerTrailCamera_EK001806.JPG,squirrel,0.5654419
human/LowerTrailCamera_EK002437.JPG,squirrel,0.7092767
human/LowerTrailCamera_EK002438.JPG,deer,0.48715514
human/LowerTrailCamera_EK002531.JPG,nothing,0.5872762
human/LowerTrailCamera_EK002532.JPG,nothing,0.9755785
human/LowerTrailCamera_EK002572.JPG,deer,0.42125383
human/LowerTrailCamera_EK002734.JPG,squirrel,0.45295873
human/LowerTrailCamera_EK003083.JPG,nothing,0.6394431
human/LowerTrailCamera_EK003084.JPG,nothing,0.8920904
human/LowerTrailCamera_EK003131.JPG,squirrel,0.5255674
human/LowerTrailCamera_EK003133.JPG,nothing,0.51791275
human/LowerTrailCamera_EK003604.JPG,nothing,0.5275362
human/LowerTrailCamera_EK004333.JPG,nothing,0.7944016
human/LowerTrailCamera_EK004334.JPG,nothing,0.7459154
human/LowerTrailCamera_EK005384.JPG,nothing,0.98719794
human/LowerTrailCamera_EK005385.JPG,nothing,0.9892033
nothing/LowerTrailCamera_EK000127.JPG,deer,0.8256967
nothing/LowerTrailCamera_EK000152.JPG,deer,0.955036
nothing/LowerTrailCamera_EK000196.JPG,deer,0.7018742
nothing/LowerTrailCamera_EK000197.JPG,deer,0.48924884
nothing/LowerTrailCamera_EK000199.JPG,squirrel,0.8307586
nothing/LowerTrailCamera_EK000200.JPG,squirrel,0.7479434
nothing/LowerTrailCamera_EK000201.JPG,squirrel,0.8314844
nothing/LowerTrailCamera_EK000332.JPG,rabbit,0.97879434
nothing/LowerTrailCamera_EK000333.JPG,rabbit,0.97485036
nothing/LowerTrailCamera_EK000385.JPG,squirrel,0.9578928
nothing/LowerTrailCamera_EK000386.JPG,squirrel,0.8007149
nothing/LowerTrailCamera_EK000387.JPG,squirrel,0.6073205
nothing/LowerTrailCamera_EK000457.JPG,squirrel,0.56840545
nothing/LowerTrailCamera_EK000542.JPG,human,0.6389549
nothing/LowerTrailCamera_EK000543.JPG,human,0.7542336
nothing/LowerTrailCamera_EK000548.JPG,squirrel,0.42795882
nothing/LowerTrailCamera_EK000549.JPG,squirrel,0.58504844
nothing/LowerTrailCamera_EK000551.JPG,human,0.821299
nothing/LowerTrailCamera_EK000725.JPG,squirrel,0.6230799
nothing/LowerTrailCamera_EK000726.JPG,squirrel,0.59149414
nothing/LowerTrailCamera_EK000785.JPG,squirrel,0.9286418
nothing/LowerTrailCamera_EK000786.JPG,squirrel,0.9121924
nothing/LowerTrailCamera_EK000826.JPG,squirrel,0.7087006
nothing/LowerTrailCamera_EK000915.JPG,squirrel,0.51809317
nothing/LowerTrailCamera_EK000921.JPG,skunk,0.61719036
nothing/LowerTrailCamera_EK001090.JPG,squirrel,0.8634368
nothing/LowerTrailCamera_EK001201.JPG,skunk,0.5580171
nothing/LowerTrailCamera_EK001202.JPG,skunk,0.72412163
nothing/LowerTrailCamera_EK001203.JPG,skunk,0.44606504
nothing/LowerTrailCamera_EK001336.JPG,squirrel,0.6305317
nothing/LowerTrailCamera_EK001337.JPG,squirrel,0.5620678
nothing/LowerTrailCamera_EK001338.JPG,squirrel,0.76737
nothing/LowerTrailCamera_EK001402.JPG,squirrel,0.9848348
nothing/LowerTrailCamera_EK001403.JPG,squirrel,0.96455526
nothing/LowerTrailCamera_EK001404.JPG,squirrel,0.99301404
nothing/LowerTrailCamera_EK001486.JPG,squirrel,0.9552411
nothing/LowerTrailCamera_EK001540.JPG,squirrel,0.957093
nothing/LowerTrailCamera_EK001608.JPG,rabbit,0.42046282
nothing/LowerTrailCamera_EK001618.JPG,squirrel,0.95588326
nothing/LowerTrailCamera_EK001619.JPG,squirrel,0.92170453
nothing/LowerTrailCamera_EK001620.JPG,squirrel,0.50316924
nothing/LowerTrailCamera_EK001744.JPG,squirrel,0.6900144
nothing/LowerTrailCamera_EK001842.JPG,squirrel,0.47248945
nothing/LowerTrailCamera_EK001958.JPG,rabbit,0.81967497
nothing/LowerTrailCamera_EK001959.JPG,rabbit,0.6575555
nothing/LowerTrailCamera_EK002086.JPG,human,0.88951266
nothing/LowerTrailCamera_EK002099.JPG,bobcat,0.4995442
nothing/LowerTrailCamera_EK002157.JPG,skunk,0.5882862
nothing/LowerTrailCamera_EK002212.JPG,human,0.47354537
nothing/LowerTrailCamera_EK002335.JPG,deer,0.5974115
nothing/LowerTrailCamera_EK002336.JPG,rabbit,0.9248294
nothing/LowerTrailCamera_EK002429.JPG,human,0.42145872
nothing/LowerTrailCamera_EK002497.JPG,human,0.81382555
nothing/LowerTrailCamera_EK002654.JPG,squirrel,0.555279
nothing/LowerTrailCamera_EK002683.JPG,human,0.5518354
nothing/LowerTrailCamera_EK002684.JPG,human,0.36772147
nothing/LowerTrailCamera_EK002708.JPG,human,0.6606215
nothing/LowerTrailCamera_EK002709.JPG,human,0.6818079
nothing/LowerTrailCamera_EK002720.JPG,squirrel,0.9339263
nothing/LowerTrailCamera_EK002721.JPG,squirrel,0.9154469
nothing/LowerTrailCamera_EK003125.JPG,human,0.4755
nothing/LowerTrailCamera_EK003126.JPG,human,0.7048515
nothing/LowerTrailCamera_EK003397.JPG,deer,0.352832
nothing/LowerTrailCamera_EK003399.JPG,deer,0.5712905
nothing/LowerTrailCamera_EK003635.JPG,squirrel,0.30576578
nothing/LowerTrailCamera_EK003636.JPG,rabbit,0.49994993
nothing/LowerTrailCamera_EK004256.JPG,squirrel,0.5498625
nothing/LowerTrailCamera_EK007035.JPG,squirrel,0.58644676
nothing/LowerTrailCamera_EK007441.JPG,rabbit,0.6478331
nothing/LowerTrailCamera_EK008141.JPG,squirrel,0.59706485
nothing/LowerTrailCamera_EK008142.JPG,squirrel,0.57480943
nothing/LowerTrailCamera_EK008149.JPG,squirrel,0.5261715
rabbit/LowerTrailCamera_EK000157.JPG,skunk,0.3359015
rabbit/LowerTrailCamera_EK000158.JPG,bobcat,0.44358978
rabbit/LowerTrailCamera_EK000159.JPG,nothing,0.46489823
rabbit/LowerTrailCamera_EK000251.JPG,squirrel,0.71289045
rabbit/LowerTrailCamera_EK000252.JPG,deer,0.5864604
rabbit/LowerTrailCamera_EK001990.JPG,bobcat,0.50666547
rabbit/LowerTrailCamera_EK002131.JPG,skunk,0.8700706
rabbit/LowerTrailCamera_EK002132.JPG,skunk,0.90288585
rabbit/LowerTrailCamera_EK002248.JPG,bobcat,0.43739665
rabbit/LowerTrailCamera_EK002249.JPG,bobcat,0.79152465
rabbit/LowerTrailCamera_EK002250.JPG,bobcat,0.639547
rabbit/LowerTrailCamera_EK002270.JPG,skunk,0.8670949
rabbit/LowerTrailCamera_EK003336.JPG,bobcat,0.4262134
rabbit/LowerTrailCamera_EK005096.JPG,deer,0.6721462
rabbit/LowerTrailCamera_EK005097.JPG,squirrel,0.472071
skunk/LowerTrailCamera_EK001859.JPG,rabbit,0.91245335
skunk/LowerTrailCamera_EK001860.JPG,rabbit,0.8632884
skunk/LowerTrailCamera_EK002034.JPG,rabbit,0.46007827
skunk/LowerTrailCamera_EK002193.JPG,nothing,0.62994903
skunk/LowerTrailCamera_EK002820.JPG,nothing,0.7807015
skunk/LowerTrailCamera_EK002988.JPG,bobcat,0.9812718
skunk/LowerTrailCamera_EK003608.JPG,rabbit,0.86122084
squirrel/LowerTrailCamera_EK000076.JPG,human,0.35535005
squirrel/LowerTrailCamera_EK000976.JPG,nothing,0.44372714
squirrel/LowerTrailCamera_EK000977.JPG,human,0.4666967
squirrel/LowerTrailCamera_EK000978.JPG,human,0.49228615
squirrel/LowerTrailCamera_EK001589.JPG,deer,0.50917405
squirrel/LowerTrailCamera_EK001693.JPG,deer,0.73111635
squirrel/LowerTrailCamera_EK001694.JPG,deer,0.32310742
squirrel/LowerTrailCamera_EK001695.JPG,human,0.5125515
squirrel/LowerTrailCamera_EK002209.JPG,human,0.5664443
squirrel/LowerTrailCamera_EK002210.JPG,nothing,0.45680988
squirrel/LowerTrailCamera_EK002211.JPG,human,0.52448064
squirrel/LowerTrailCamera_EK003467.JPG,human,0.7325323
squirrel/LowerTrailCamera_EK003478.JPG,nothing,0.41521657
squirrel/LowerTrailCamera_EK003479.JPG,nothing,0.5673952
squirrel/LowerTrailCamera_EK003480.JPG,human,0.5338416
squirrel/LowerTrailCamera_EK007665.JPG,nothing,0.99928004
bobcat/LowerTrailCamera_EK000270.JPG,rabbit,0.60935664
bobcat/LowerTrailCamera_EK000366.JPG,deer,0.9740021
bobcat/LowerTrailCamera_EK000533.JPG,skunk,0.7330301
bobcat/LowerTrailCamera_EK000534.JPG,skunk,0.84453577
bobcat/LowerTrailCamera_EK002694.JPG,rabbit,0.94827527
deer/LowerTrailCamera_EK000278.JPG,nothing,0.70031726
deer/LowerTrailCamera_EK000279.JPG,squirrel,0.37962607
deer/LowerTrailCamera_EK003184.JPG,skunk,0.6441522
deer/LowerTrailCamera_EK004659.JPG,nothing,0.60383135
human/LowerTrailCamera_EK000029.JPG,nothing,0.8569976
human/LowerTrailCamera_EK000133.JPG,rabbit,0.9131364
human/LowerTrailCamera_EK000336.JPG,squirrel,0.7725787
human/LowerTrailCamera_EK000898.JPG,squirrel,0.8250359
human/LowerTrailCamera_EK000960.JPG,nothing,0.5730376
human/LowerTrailCamera_EK001048.JPG,nothing,0.5815018
human/LowerTrailCamera_EK002024.JPG,nothing,0.6159894
human/LowerTrailCamera_EK002025.JPG,nothing,0.604644
human/LowerTrailCamera_EK002456.JPG,nothing,0.45689845
human/LowerTrailCamera_EK002457.JPG,squirrel,0.4609939
human/LowerTrailCamera_EK002747.JPG,nothing,0.864266
human/LowerTrailCamera_EK002832.JPG,squirrel,0.61399615
human/LowerTrailCamera_EK003124.JPG,nothing,0.98352295
human/LowerTrailCamera_EK003214.JPG,nothing,0.74505955
human/LowerTrailCamera_EK003216.JPG,nothing,0.78665745
human/LowerTrailCamera_EK003355.JPG,nothing,0.990213
human/LowerTrailCamera_EK003356.JPG,nothing,0.9859869
human/LowerTrailCamera_EK003357.JPG,nothing,0.9403553
human/LowerTrailCamera_EK003407.JPG,nothing,0.88375705
human/LowerTrailCamera_EK003592.JPG,deer,0.44853792
human/LowerTrailCamera_EK003593.JPG,nothing,0.4628855
nothing/LowerTrailCamera_EK000018.JPG,bobcat,0.6752221
nothing/LowerTrailCamera_EK000276.JPG,bobcat,0.71247107
nothing/LowerTrailCamera_EK000362.JPG,squirrel,0.5107044
nothing/LowerTrailCamera_EK000434.JPG,skunk,0.8845008
nothing/LowerTrailCamera_EK000435.JPG,skunk,0.89426297
nothing/LowerTrailCamera_EK000480.JPG,squirrel,0.5367222
nothing/LowerTrailCamera_EK000536.JPG,skunk,0.74441296
nothing/LowerTrailCamera_EK000612.JPG,deer,0.60382783
nothing/LowerTrailCamera_EK000721.JPG,squirrel,0.8144955
nothing/LowerTrailCamera_EK000722.JPG,squirrel,0.8041473
nothing/LowerTrailCamera_EK000723.JPG,squirrel,0.77856976
nothing/LowerTrailCamera_EK000746.JPG,squirrel,0.8163173
nothing/LowerTrailCamera_EK000747.JPG,squirrel,0.77013713
nothing/LowerTrailCamera_EK000759.JPG,deer,0.50177014
nothing/LowerTrailCamera_EK000788.JPG,squirrel,0.9155683
nothing/LowerTrailCamera_EK000789.JPG,squirrel,0.8524048
nothing/LowerTrailCamera_EK000834.JPG,squirrel,0.99680734
nothing/LowerTrailCamera_EK000950.JPG,skunk,0.5866964
nothing/LowerTrailCamera_EK000951.JPG,skunk,0.6367449
nothing/LowerTrailCamera_EK001094.JPG,squirrel,0.86016583
nothing/LowerTrailCamera_EK001095.JPG,squirrel,0.58808845
nothing/LowerTrailCamera_EK001116.JPG,skunk,0.53152245
nothing/LowerTrailCamera_EK001159.JPG,skunk,0.82549983
nothing/LowerTrailCamera_EK001160.JPG,skunk,0.5392631
nothing/LowerTrailCamera_EK001161.JPG,skunk,0.7838439
nothing/LowerTrailCamera_EK001354.JPG,squirrel,0.47255558
nothing/LowerTrailCamera_EK001355.JPG,squirrel,0.9372939
nothing/LowerTrailCamera_EK001531.JPG,squirrel,0.5300167
nothing/LowerTrailCamera_EK001532.JPG,squirrel,0.77117634
nothing/LowerTrailCamera_EK001533.JPG,squirrel,0.74866724
nothing/LowerTrailCamera_EK001637.JPG,rabbit,0.4061139
nothing/LowerTrailCamera_EK001747.JPG,squirrel,0.4200247
nothing/LowerTrailCamera_EK001748.JPG,human,0.45254746
nothing/LowerTrailCamera_EK001825.JPG,squirrel,0.6000911
nothing/LowerTrailCamera_EK001827.JPG,squirrel,0.39037704
nothing/LowerTrailCamera_EK001844.JPG,squirrel,0.8471979
nothing/LowerTrailCamera_EK001845.JPG,squirrel,0.43849126
nothing/LowerTrailCamera_EK001967.JPG,rabbit,0.39270914
nothing/LowerTrailCamera_EK001968.JPG,rabbit,0.64812046
nothing/LowerTrailCamera_EK001978.JPG,rabbit,0.47101286
nothing/LowerTrailCamera_EK001983.JPG,rabbit,0.68387717
nothing/LowerTrailCamera_EK002055.JPG,skunk,0.8908726
nothing/LowerTrailCamera_EK002090.JPG,bobcat,0.4694499
nothing/LowerTrailCamera_EK002133.JPG,rabbit,0.5944901
nothing/LowerTrailCamera_EK002167.JPG,skunk,0.80683845
nothing/LowerTrailCamera_EK002168.JPG,skunk,0.555109
nothing/LowerTrailCamera_EK002169.JPG,skunk,0.8768983
nothing/LowerTrailCamera_EK002175.JPG,skunk,0.89823025
nothing/LowerTrailCamera_EK002177.JPG,skunk,0.92739916
nothing/LowerTrailCamera_EK002178.JPG,skunk,0.5944312
nothing/LowerTrailCamera_EK002256.JPG,skunk,0.7512625
nothing/LowerTrailCamera_EK002267.JPG,rabbit,0.546189
nothing/LowerTrailCamera_EK002268.JPG,rabbit,0.4712895
nothing/LowerTrailCamera_EK002643.JPG,skunk,0.6276024
nothing/LowerTrailCamera_EK002669.JPG,skunk,0.9190641
nothing/LowerTrailCamera_EK002670.JPG,skunk,0.9117535
nothing/LowerTrailCamera_EK002834.JPG,skunk,0.98624647
nothing/LowerTrailCamera_EK002835.JPG,skunk,0.9716874
nothing/LowerTrailCamera_EK003179.JPG,human,0.6152679
nothing/LowerTrailCamera_EK003382.JPG,skunk,0.7836391
nothing/LowerTrailCamera_EK003383.JPG,skunk,0.58104384
nothing/LowerTrailCamera_EK003540.JPG,deer,0.5866845
nothing/LowerTrailCamera_EK003616.JPG,rabbit,0.38303223
nothing/LowerTrailCamera_EK003617.JPG,bobcat,0.4212882
nothing/LowerTrailCamera_EK003618.JPG,skunk,0.37638444
nothing/LowerTrailCamera_EK003671.JPG,human,0.44794157
nothing/LowerTrailCamera_EK004624.JPG,squirrel,0.53133684
nothing/LowerTrailCamera_EK004626.JPG,squirrel,0.65350634
nothing/LowerTrailCamera_EK004717.JPG,skunk,0.39841914
nothing/LowerTrailCamera_EK004718.JPG,rabbit,0.47649777
nothing/LowerTrailCamera_EK004719.JPG,rabbit,0.6460945
nothing/LowerTrailCamera_EK006040.JPG,squirrel,0.9371707
nothing/LowerTrailCamera_EK006041.JPG,squirrel,0.9791576
nothing/LowerTrailCamera_EK006042.JPG,squirrel,0.768253
rabbit/LowerTrailCamera_EK000034.JPG,squirrel,0.6897871
rabbit/LowerTrailCamera_EK000035.JPG,squirrel,0.63659465
rabbit/LowerTrailCamera_EK000036.JPG,squirrel,0.7406598
rabbit/LowerTrailCamera_EK000121.JPG,nothing,0.487918
rabbit/LowerTrailCamera_EK000136.JPG,nothing,0.75411874
rabbit/LowerTrailCamera_EK000196.JPG,nothing,0.9208353
rabbit/LowerTrailCamera_EK000200.JPG,nothing,0.6516738
rabbit/LowerTrailCamera_EK000391.JPG,deer,0.64910007
rabbit/LowerTrailCamera_EK000392.JPG,nothing,0.6081642
rabbit/LowerTrailCamera_EK000393.JPG,nothing,0.59315413
rabbit/LowerTrailCamera_EK000473.JPG,squirrel,0.7601838
rabbit/LowerTrailCamera_EK000474.JPG,squirrel,0.53843963
rabbit/LowerTrailCamera_EK001984.JPG,skunk,0.46731016
rabbit/LowerTrailCamera_EK001985.JPG,skunk,0.3835583
rabbit/LowerTrailCamera_EK001986.JPG,nothing,0.49501216
rabbit/LowerTrailCamera_EK003053.JPG,squirrel,0.898595
rabbit/LowerTrailCamera_EK003054.JPG,squirrel,0.94345975
rabbit/LowerTrailCamera_EK003388.JPG,bobcat,0.7930078
rabbit/LowerTrailCamera_EK003838.JPG,squirrel,0.52610266
rabbit/LowerTrailCamera_EK003840.JPG,nothing,0.30233797
rabbit/LowerTrailCamera_EK004714.JPG,bobcat,0.99832886
rabbit/LowerTrailCamera_EK005830.JPG,deer,0.42535478
rabbit/LowerTrailCamera_EK005831.JPG,deer,0.5214391
rabbit/LowerTrailCamera_EK006175.JPG,nothing,0.6880447
rabbit/LowerTrailCamera_EK006178.JPG,bobcat,0.96080106
rabbit/LowerTrailCamera_EK006180.JPG,deer,0.7572578
skunk/LowerTrailCamera_EK000594.JPG,deer,0.83863187
squirrel/LowerTrailCamera_EK000067.JPG,nothing,0.7215588
squirrel/LowerTrailCamera_EK000068.JPG,nothing,0.85424757
squirrel/LowerTrailCamera_EK000069.JPG,nothing,0.9307152
squirrel/LowerTrailCamera_EK000319.JPG,rabbit,0.50710875
squirrel/LowerTrailCamera_EK000321.JPG,rabbit,0.9953532
squirrel/LowerTrailCamera_EK000421.JPG,rabbit,0.6859956
squirrel/LowerTrailCamera_EK000423.JPG,deer,0.7752425
squirrel/LowerTrailCamera_EK001108.JPG,nothing,0.8302619
squirrel/LowerTrailCamera_EK001109.JPG,nothing,0.736879
squirrel/LowerTrailCamera_EK001110.JPG,nothing,0.8763515
squirrel/LowerTrailCamera_EK001316.JPG,nothing,0.6730749
squirrel/LowerTrailCamera_EK001317.JPG,nothing,0.83223754
squirrel/LowerTrailCamera_EK001382.JPG,nothing,0.51280123
squirrel/LowerTrailCamera_EK001621.JPG,nothing,0.48249823
squirrel/LowerTrailCamera_EK001622.JPG,nothing,0.8512968
squirrel/LowerTrailCamera_EK001623.JPG,nothing,0.7691263
squirrel/LowerTrailCamera_EK001919.JPG,bobcat,0.7767995
squirrel/LowerTrailCamera_EK001920.JPG,bobcat,0.526137
squirrel/LowerTrailCamera_EK007656.JPG,nothing,0.5699624
bobcat/LowerTrailCamera_EK001276.JPG,rabbit,0.8026633
bobcat/LowerTrailCamera_EK001774.JPG,squirrel,0.42982554
bobcat/LowerTrailCamera_EK001775.JPG,squirrel,0.88227034
bobcat/LowerTrailCamera_EK001776.JPG,squirrel,0.93458426
deer/LowerTrailCamera_EK000028.JPG,bobcat,0.9807839
deer/LowerTrailCamera_EK000193.JPG,rabbit,0.5479471
deer/LowerTrailCamera_EK000194.JPG,rabbit,0.3806936
deer/LowerTrailCamera_EK000195.JPG,rabbit,0.43360835
deer/LowerTrailCamera_EK000546.JPG,rabbit,0.48112077
deer/LowerTrailCamera_EK000690.JPG,bobcat,0.79961747
deer/LowerTrailCamera_EK001681.JPG,squirrel,0.9364726
deer/LowerTrailCamera_EK001682.JPG,squirrel,0.64738965
deer/LowerTrailCamera_EK001683.JPG,squirrel,0.8954462
deer/LowerTrailCamera_EK002630.JPG,squirrel,0.58211446
deer/LowerTrailCamera_EK002631.JPG,squirrel,0.99683785
deer/LowerTrailCamera_EK003050.JPG,squirrel,0.9105549
deer/LowerTrailCamera_EK003051.JPG,squirrel,0.8348186
deer/LowerTrailCamera_EK003248.JPG,bobcat,0.59072846
deer/LowerTrailCamera_EK003319.JPG,rabbit,0.75290996
deer/LowerTrailCamera_EK003320.JPG,rabbit,0.8341483
deer/LowerTrailCamera_EK003321.JPG,nothing,0.55180347
deer/LowerTrailCamera_EK003595.JPG,bobcat,0.98647016
deer/LowerTrailCamera_EK003596.JPG,bobcat,0.5586474
deer/LowerTrailCamera_EK003597.JPG,rabbit,0.407865
deer/LowerTrailCamera_EK003823.JPG,nothing,0.6726612
deer/LowerTrailCamera_EK003825.JPG,nothing,0.5619925
human/LowerTrailCamera_EK000104.JPG,deer,0.49313453
human/LowerTrailCamera_EK000147.JPG,rabbit,0.74692106
human/LowerTrailCamera_EK000163.JPG,nothing,0.5081342
human/LowerTrailCamera_EK000164.JPG,nothing,0.54172266
human/LowerTrailCamera_EK000876.JPG,deer,0.6772372
human/LowerTrailCamera_EK000913.JPG,nothing,0.7836986
human/LowerTrailCamera_EK000963.JPG,deer,0.99030954
human/LowerTrailCamera_EK001444.JPG,squirrel,0.7436026
human/LowerTrailCamera_EK001472.JPG,squirrel,0.70718044
human/LowerTrailCamera_EK001473.JPG,squirrel,0.5714325
human/LowerTrailCamera_EK002452.JPG,nothing,0.37935984
human/LowerTrailCamera_EK002653.JPG,nothing,0.39140955
human/LowerTrailCamera_EK002795.JPG,nothing,0.5916082
human/LowerTrailCamera_EK003194.JPG,deer,0.5649745
human/LowerTrailCamera_EK003195.JPG,nothing,0.34197393
human/LowerTrailCamera_EK003914.JPG,nothing,0.99194336
nothing/LowerTrailCamera_EK000013.JPG,human,0.48569536
nothing/LowerTrailCamera_EK000022.JPG,human,0.48827678
nothing/LowerTrailCamera_EK000043.JPG,deer,0.48191646
nothing/LowerTrailCamera_EK000044.JPG,deer,0.37717682
nothing/LowerTrailCamera_EK000045.JPG,deer,0.46843714
nothing/LowerTrailCamera_EK000124.JPG,squirrel,0.41390005
nothing/LowerTrailCamera_EK000125.JPG,rabbit,0.41254213
nothing/LowerTrailCamera_EK000126.JPG,squirrel,0.48677042
nothing/LowerTrailCamera_EK000145.JPG,rabbit,0.41185102
nothing/LowerTrailCamera_EK000146.JPG,rabbit,0.710969
nothing/LowerTrailCamera_EK000163.JPG,rabbit,0.35046247
nothing/LowerTrailCamera_EK000198.JPG,skunk,0.46187964
nothing/LowerTrailCamera_EK000256.JPG,human,0.7011065
nothing/LowerTrailCamera_EK000257.JPG,human,0.8745151
nothing/LowerTrailCamera_EK000258.JPG,human,0.9399942
nothing/LowerTrailCamera_EK000277.JPG,deer,0.42328736
nothing/LowerTrailCamera_EK000279.JPG,deer,0.6033886
nothing/LowerTrailCamera_EK000313.JPG,deer,0.42157334
nothing/LowerTrailCamera_EK000314.JPG,deer,0.33871225
nothing/LowerTrailCamera_EK000354.JPG,squirrel,0.3535725
nothing/LowerTrailCamera_EK000364.JPG,squirrel,0.6645638
nothing/LowerTrailCamera_EK000365.JPG,squirrel,0.672165
nothing/LowerTrailCamera_EK000366.JPG,squirrel,0.6047475
nothing/LowerTrailCamera_EK000412.JPG,squirrel,0.90523577
nothing/LowerTrailCamera_EK000413.JPG,squirrel,0.7400594
nothing/LowerTrailCamera_EK000414.JPG,squirrel,0.79046035
nothing/LowerTrailCamera_EK000433.JPG,rabbit,0.5103755
nothing/LowerTrailCamera_EK000461.JPG,bobcat,0.74099
nothing/LowerTrailCamera_EK000637.JPG,bobcat,0.37666675
nothing/LowerTrailCamera_EK000638.JPG,bobcat,0.41053382
nothing/LowerTrailCamera_EK000639.JPG,bobcat,0.5976922
nothing/LowerTrailCamera_EK000660.JPG,human,0.598562
nothing/LowerTrailCamera_EK000762.JPG,rabbit,0.5076791
nothing/LowerTrailCamera_EK000838.JPG,bobcat,0.47710434
nothing/LowerTrailCamera_EK000839.JPG,rabbit,0.48057446
nothing/LowerTrailCamera_EK000958.JPG,human,0.54153013
nothing/LowerTrailCamera_EK001123.JPG,squirrel,0.99759525
nothing/LowerTrailCamera_EK001124.JPG,squirrel,0.98732716
nothing/LowerTrailCamera_EK001125.JPG,squirrel,0.98244
nothing/LowerTrailCamera_EK001200.JPG,skunk,0.4413965
nothing/LowerTrailCamera_EK001335.JPG,squirrel,0.82981104
nothing/LowerTrailCamera_EK001387.JPG,squirrel,0.7175201
nothing/LowerTrailCamera_EK001388.JPG,squirrel,0.67741835
nothing/LowerTrailCamera_EK001389.JPG,squirrel,0.78555137
nothing/LowerTrailCamera_EK001445.JPG,squirrel,0.6532735
nothing/LowerTrailCamera_EK001446.JPG,squirrel,0.80354
nothing/LowerTrailCamera_EK001455.JPG,squirrel,0.8328404
nothing/LowerTrailCamera_EK001507.JPG,squirrel,0.9530914
nothing/LowerTrailCamera_EK001508.JPG,squirrel,0.70647097
nothing/LowerTrailCamera_EK001509.JPG,squirrel,0.82824576
nothing/LowerTrailCamera_EK001588.JPG,squirrel,0.88926506
nothing/LowerTrailCamera_EK001709.JPG,squirrel,0.4277916
nothing/LowerTrailCamera_EK001710.JPG,human,0.8089639
nothing/LowerTrailCamera_EK001861.JPG,skunk,0.5146243
nothing/LowerTrailCamera_EK001862.JPG,skunk,0.5701678
nothing/LowerTrailCamera_EK001863.JPG,skunk,0.5434777
nothing/LowerTrailCamera_EK001969.JPG,rabbit,0.7382471
nothing/LowerTrailCamera_EK001970.JPG,rabbit,0.5823579
nothing/LowerTrailCamera_EK001971.JPG,rabbit,0.6374093
nothing/LowerTrailCamera_EK001977.JPG,rabbit,0.75482434
nothing/LowerTrailCamera_EK001988.JPG,rabbit,0.6366637
nothing/LowerTrailCamera_EK001989.JPG,rabbit,0.63072634
nothing/LowerTrailCamera_EK002036.JPG,rabbit,0.5346623
nothing/LowerTrailCamera_EK002037.JPG,bobcat,0.48965797
nothing/LowerTrailCamera_EK002144.JPG,rabbit,0.7513033
nothing/LowerTrailCamera_EK002145.JPG,rabbit,0.6139171
nothing/LowerTrailCamera_EK002454.JPG,human,0.4339413
nothing/LowerTrailCamera_EK002509.JPG,rabbit,0.8401538
nothing/LowerTrailCamera_EK002510.JPG,rabbit,0.6602252
nothing/LowerTrailCamera_EK002511.JPG,rabbit,0.43724117
nothing/LowerTrailCamera_EK002583.JPG,human,0.41219157
nothing/LowerTrailCamera_EK002658.JPG,rabbit,0.42908472
nothing/LowerTrailCamera_EK002738.JPG,skunk,0.56931466
nothing/LowerTrailCamera_EK002739.JPG,skunk,0.42718044
nothing/LowerTrailCamera_EK002800.JPG,squirrel,0.4159947
nothing/LowerTrailCamera_EK002801.JPG,human,0.48923355
nothing/LowerTrailCamera_EK002802.JPG,squirrel,0.57891476
nothing/LowerTrailCamera_EK002839.JPG,human,0.5687729
nothing/LowerTrailCamera_EK002840.JPG,human,0.863841
nothing/LowerTrailCamera_EK002865.JPG,skunk,0.8824391
nothing/LowerTrailCamera_EK003008.JPG,human,0.29985946
nothing/LowerTrailCamera_EK003187.JPG,deer,0.73543155
nothing/LowerTrailCamera_EK003188.JPG,deer,0.53294355
nothing/LowerTrailCamera_EK003189.JPG,deer,0.65907896
nothing/LowerTrailCamera_EK003281.JPG,human,0.4249871
nothing/LowerTrailCamera_EK003282.JPG,human,0.4875206
nothing/LowerTrailCamera_EK003420.JPG,human,0.50739014
nothing/LowerTrailCamera_EK003556.JPG,human,0.8409202
nothing/LowerTrailCamera_EK003557.JPG,human,0.5645279
nothing/LowerTrailCamera_EK003558.JPG,human,0.5671532
nothing/LowerTrailCamera_EK003683.JPG,human,0.56249803
nothing/LowerTrailCamera_EK003901.JPG,rabbit,0.7640318
nothing/LowerTrailCamera_EK003902.JPG,bobcat,0.6073571
nothing/LowerTrailCamera_EK003903.JPG,bobcat,0.9708193
nothing/LowerTrailCamera_EK004142.JPG,rabbit,0.8841152
nothing/LowerTrailCamera_EK004143.JPG,rabbit,0.9875601
nothing/LowerTrailCamera_EK005273.JPG,squirrel,0.5895571
nothing/LowerTrailCamera_EK006160.JPG,human,0.6202374
nothing/LowerTrailCamera_EK006643.JPG,rabbit,0.5736548
nothing/LowerTrailCamera_EK006650.JPG,rabbit,0.5674623
nothing/LowerTrailCamera_EK006652.JPG,squirrel,0.6749123
nothing/LowerTrailCamera_EK006653.JPG,squirrel,0.80943924
nothing/LowerTrailCamera_EK006654.JPG,squirrel,0.8974442
nothing/LowerTrailCamera_EK006832.JPG,human,0.6971217
nothing/LowerTrailCamera_EK007645.JPG,squirrel,0.79437536
nothing/LowerTrailCamera_EK007996.JPG,squirrel,0.6634621
nothing/LowerTrailCamera_EK007997.JPG,squirrel,0.6129879
nothing/LowerTrailCamera_EK007998.JPG,squirrel,0.47465235
nothing/LowerTrailCamera_EK008130.JPG,squirrel,0.6454363
rabbit/LowerTrailCamera_EK000437.JPG,squirrel,0.8993937
rabbit/LowerTrailCamera_EK000469.JPG,bobcat,0.7982188
rabbit/LowerTrailCamera_EK001068.JPG,skunk,0.73379403
rabbit/LowerTrailCamera_EK001987.JPG,nothing,0.48911813
rabbit/LowerTrailCamera_EK002370.JPG,bobcat,0.62764466
rabbit/LowerTrailCamera_EK004245.JPG,squirrel,0.65711737
skunk/LowerTrailCamera_EK001065.JPG,bobcat,0.40843993
skunk/LowerTrailCamera_EK001908.JPG,nothing,0.71825624
skunk/LowerTrailCamera_EK002019.JPG,bobcat,0.82807547
skunk/LowerTrailCamera_EK002135.JPG,rabbit,0.5713421
skunk/LowerTrailCamera_EK002136.JPG,rabbit,0.6330831
skunk/LowerTrailCamera_EK002772.JPG,nothing,0.41300088
squirrel/LowerTrailCamera_EK000318.JPG,skunk,0.5161978
squirrel/LowerTrailCamera_EK000361.JPG,nothing,0.93836755
squirrel/LowerTrailCamera_EK000362.JPG,nothing,0.9092396
squirrel/LowerTrailCamera_EK000363.JPG,nothing,0.6698194
squirrel/LowerTrailCamera_EK000503.JPG,nothing,0.79416615
squirrel/LowerTrailCamera_EK000736.JPG,human,0.41776794
squirrel/LowerTrailCamera_EK000739.JPG,human,0.42088705
squirrel/LowerTrailCamera_EK000740.JPG,human,0.34879664
squirrel/LowerTrailCamera_EK000741.JPG,human,0.41745424
squirrel/LowerTrailCamera_EK001462.JPG,human,0.6957584
squirrel/LowerTrailCamera_EK001477.JPG,human,0.5040615
squirrel/LowerTrailCamera_EK002094.JPG,human,0.7047443
squirrel/LowerTrailCamera_EK003460.JPG,rabbit,0.562378
squirrel/LowerTrailCamera_EK007672.JPG,nothing,0.99324906
squirrel/LowerTrailCamera_EK007674.JPG,nothing,0.9866311
squirrel/LowerTrailCamera_EK007867.JPG,nothing,0.9862092
squirrel/LowerTrailCamera_EK007868.JPG,nothing,0.9401404
squirrel/LowerTrailCamera_EK007869.JPG,nothing,0.9545049
squirrel/LowerTrailCamera_EK008292.JPG,nothing,0.4443363
