bobcat/Cam3_EK000256.JPG,0
bobcat/Cam3_EK000257.JPG,0
bobcat/Cam3_EK000258.JPG,0
bobcat/Cam3_EK000259.JPG,1
bobcat/Cam3_EK000260.JPG,1
bobcat/Cam3_EK000261.JPG,1
bobcat/Cam3_EK001462.JPG,2
bobcat/Cam3_EK001463.JPG,2
bobcat/Cam3_EK001464.JPG,2
bobcat/Cam4_EK001273.JPG,3
bobcat/Cam4_EK001274.JPG,3
bobcat/Cam4_EK001275.JPG,3
bobcat/Cam4_EK001372.JPG,4
bobcat/Cam4_EK001373.JPG,4
bobcat/Cam4_EK001374.JPG,4
bobcat/Cam4_EK001495.JPG,5
bobcat/Cam4_EK001496.JPG,5
bobcat/Cam4_EK001497.JPG,5
bobcat/Cam4_EK001627.JPG,6
bobcat/Cam4_EK001628.JPG,6
bobcat/Cam4_EK001629.JPG,6
bobcat/Cam4_EK001630.JPG,7
bobcat/Cam4_EK001631.JPG,7
bobcat/Cam4_EK001632.JPG,7
bobcat/Cam4_EK001754.JPG,8
bobcat/Cam4_EK001755.JPG,8
bobcat/Cam4_EK001765.JPG,9
bobcat/Cam4_EK001766.JPG,9
bobcat/Cam4_EK001767.JPG,9
bobcat/Cam4_EK001771.JPG,10
bobcat/Cam4_EK001772.JPG,10
bobcat/Cam4_EK001773.JPG,10
bobcat/Cam4_EK001775.JPG,11
bobcat/Cam4_EK001776.JPG,11
bobcat/Cam4_EK001777.JPG,12
bobcat/Cam4_EK001778.JPG,13
bobcat/Cam4_EK001779.JPG,13
fox/LowerTrailCamera_EK000031.JPG,14
fox/LowerTrailCamera_EK000032.JPG,14
fox/LowerTrailCamera_EK000033.JPG,14
fox/LowerTrailCamera_EK000049.JPG,15
fox/LowerTrailCamera_EK000050.JPG,15
fox/LowerTrailCamera_EK000051.JPG,15
fox/LowerTrailCamera_EK000121.JPG,16
fox/LowerTrailCamera_EK000122.JPG,16
fox/LowerTrailCamera_EK000123.JPG,16
fox/LowerTrailCamera_EK000208.JPG,17
fox/LowerTrailCamera_EK000209.JPG,17
fox/LowerTrailCamera_EK000210.JPG,17
fox/LowerTrailCamera_EK000268.JPG,18
fox/LowerTrailCamera_EK000269.JPG,18
fox/LowerTrailCamera_EK000270.JPG,18
fox/LowerTrailCamera_EK000271.JPG,19
fox/LowerTrailCamera_EK000551.JPG,20
fox/LowerTrailCamera_EK000552.JPG,20
fox/LowerTrailCamera_EK000553.JPG,21
fox/LowerTrailCamera_EK000554.JPG,21
fox/LowerTrailCamera_EK000555.JPG,21
fox/LowerTrailCamera_EK000691.JPG,22
fox/LowerTrailCamera_EK000692.JPG,22
fox/LowerTrailCamera_EK000693.JPG,22
fox/LowerTrailCamera_EK000704.JPG,23
fox/LowerTrailCamera_EK000705.JPG,23
fox/LowerTrailCamera_EK000706.JPG,24
fox/LowerTrailCamera_EK000707.JPG,24
fox/LowerTrailCamera_EK000708.JPG,24
fox/LowerTrailCamera_EK000721.JPG,25
fox/LowerTrailCamera_EK000722.JPG,25
fox/LowerTrailCamera_EK000723.JPG,25
fox/LowerTrailCamera_EK000757.JPG,26
fox/LowerTrailCamera_EK000881.JPG,27
fox/LowerTrailCamera_EK000882.JPG,27
fox/LowerTrailCamera_EK000883.JPG,28
fox/LowerTrailCamera_EK000886.JPG,29
fox/LowerTrailCamera_EK000887.JPG,29
fox/LowerTrailCamera_EK000888.JPG,29
fox/LowerTrailCamera_EK000889.JPG,30
fox/LowerTrailCamera_EK000890.JPG,30
fox/LowerTrailCamera_EK000891.JPG,30
fox/LowerTrailCamera_EK000916.JPG,31
fox/LowerTrailCamera_EK000917.JPG,31
fox/LowerTrailCamera_EK000918.JPG,31
fox/LowerTrailCamera_EK000922.JPG,32
fox/LowerTrailCamera_EK000923.JPG,32
fox/LowerTrailCamera_EK000924.JPG,32
fox/LowerTrailCamera_EK000979.JPG,33
fox/LowerTrailCamera_EK000980.JPG,33
fox/LowerTrailCamera_EK000981.JPG,33
fox/LowerTrailCamera_EK000985.JPG,34
fox/LowerTrailCamera_EK000986.JPG,34
fox/LowerTrailCamera_EK000987.JPG,34
fox/LowerTrailCamera_EK000988.JPG,35
fox/LowerTrailCamera_EK000989.JPG,35
fox/LowerTrailCamera_EK001012.JPG,36
fox/LowerTrailCamera_EK001013.JPG,36
fox/LowerTrailCamera_EK001014.JPG,36
fox/LowerTrailCamera_EK001072.JPG,37
fox/LowerTrailCamera_EK001073.JPG,37
fox/LowerTrailCamera_EK001074.JPG,37
fox/LowerTrailCamera_EK001411.JPG,38
fox/LowerTrailCamera_EK001412.JPG,38
fox/LowerTrailCamera_EK001413.JPG,38
fox/LowerTrailCamera_EK001414.JPG,39
fox/LowerTrailCamera_EK001415.JPG,39
fox/LowerTrailCamera_EK001416.JPG,39
fox/LowerTrailCamera_EK002128.JPG,40
fox/LowerTrailCamera_EK002129.JPG,40
fox/LowerTrailCamera_EK002130.JPG,40
fox/LowerTrailCamera_EK002290.JPG,41
fox/LowerTrailCamera_EK002291.JPG,41
fox/LowerTrailCamera_EK002292.JPG,41
fox/LowerTrailCamera_EK002293.JPG,42
fox/LowerTrailCamera_EK002294.JPG,42
fox/LowerTrailCamera_EK002295.JPG,42
fox/LowerTrailCamera_EK003339.JPG,43
fox/NorthernTowerMeadowCamera_EK000821.JPG,44
fox/NorthernTowerMeadowCamera_EK000822.JPG,44
fox/NorthernTowerMeadowCamera_EK000979.JPG,45
fox/NorthernTowerMeadowCamera_EK000980.JPG,45
fox/NorthernTowerMeadowCamera_EK000981.JPG,45
possum/Cam3_EK000010.JPG,46
possum/Cam3_EK000011.JPG,46
possum/Cam3_EK000012.JPG,46
possum/Cam3_EK000013.JPG,47
possum/Cam3_EK000014.JPG,47
possum/Cam3_EK000015.JPG,47
possum/Cam3_EK000016.JPG,48
possum/Cam3_EK000017.JPG,48
possum/Cam3_EK000118.JPG,49
possum/Cam3_EK000119.JPG,49
possum/Cam3_EK000120.JPG,49
possum/Cam3_EK000127.JPG,50
possum/Cam3_EK000128.JPG,50
possum/Cam3_EK000129.JPG,50
possum/Cam3_EK000151.JPG,51
possum/Cam3_EK000152.JPG,51
possum/Cam3_EK000153.JPG,51
possum/Cam3_EK000163.JPG,52
possum/Cam3_EK000262.JPG,53
possum/Cam3_EK000263.JPG,53
possum/Cam3_EK000264.JPG,53
possum/Cam3_EK000275.JPG,54
possum/Cam3_EK000276.JPG,54
possum/Cam3_EK000277.JPG,55
possum/Cam3_EK000278.JPG,55
possum/Cam3_EK000279.JPG,55
raven/LowerTrailCamera_EK000511.JPG,56
raven/LowerTrailCamera_EK003322.JPG,57
raven/LowerTrailCamera_EK003323.JPG,57
raven/LowerTrailCamera_EK003324.JPG,57
raven/LowerTrailCamera_EK003325.JPG,58
raven/LowerTrailCamera_EK003326.JPG,58
raven/LowerTrailCamera_EK003327.JPG,58
raven/LowerTrailCamera_EK003439.JPG,59
raven/LowerTrailCamera_EK003440.JPG,59
raven/LowerTrailCamera_EK003441.JPG,59
raven/LowerTrailCamera_EK003520.JPG,60
raven/LowerTrailCamera_EK003521.JPG,60
raven/LowerTrailCamera_EK003522.JPG,60
raven/LowerTrailCamera_EK003550.JPG,61
raven/LowerTrailCamera_EK003551.JPG,61
raven/LowerTrailCamera_EK003552.JPG,61
raven/LowerTrailCamera_EK003571.JPG,62
raven/LowerTrailCamera_EK003572.JPG,62
raven/LowerTrailCamera_EK003573.JPG,62
raven/LowerTrailCamera_EK003580.JPG,63
raven/LowerTrailCamera_EK003581.JPG,63
raven/LowerTrailCamera_EK003582.JPG,63
raven/NorthernTowerMeadowCamera_EK000100.JPG,64
raven/NorthernTowerMeadowCamera_EK000101.JPG,64
raven/NorthernTowerMeadowCamera_EK000102.JPG,64
raven/NorthernTowerMeadowCamera_EK003319.JPG,65
raven/NorthernTowerMeadowCamera_EK003320.JPG,65
raven/NorthernTowerMeadowCamera_EK003321.JPG,65
raven/NorthernTowerMeadowCamera_EK003331.JPG,66
raven/NorthernTowerMeadowCamera_EK003332.JPG,66
raven/NorthernTowerMeadowCamera_EK003333.JPG,66
raven/NorthernTowerMeadowCamera_EK003365.JPG,67
raven/NorthernTowerMeadowCamera_EK003366.JPG,67
turkey/Cam3_EK000025.JPG,68
turkey/Cam3_EK000026.JPG,68
turkey/Cam3_EK000027.JPG,68
turkey/Cam3_EK000028.JPG,69
turkey/Cam3_EK000029.JPG,69
turkey/Cam3_EK000030.JPG,69
turkey/Cam3_EK000031.JPG,70
turkey/Cam3_EK000032.JPG,70
turkey/Cam3_EK000033.JPG,70
turkey/Cam3_EK000034.JPG,71
turkey/Cam3_EK000035.JPG,71
turkey/Cam3_EK000036.JPG,71
turkey/Cam3_EK001264.JPG,72
turkey/Cam3_EK001265.JPG,72
turkey/Cam3_EK001266.JPG,72
turkey/Cam3_EK001294.JPG,73
turkey/Cam3_EK001295.JPG,73
turkey/Cam3_EK001296.JPG,73
turkey/Cam3_EK001303.JPG,74
turkey/Cam3_EK001304.JPG,74
turkey/Cam3_EK001305.JPG,74
turkey/Cam3_EK001453.JPG,75
turkey/Cam3_EK001454.JPG,75
turkey/Cam3_EK001455.JPG,75
turkey/Cam3_EK001495.JPG,76
turkey/Cam3_EK001496.JPG,76
turkey/Cam3_EK001497.JPG,76
turkey/Cam3_EK001498.JPG,77
turkey/Cam3_EK001499.JPG,77
turkey/Cam3_EK001500.JPG,77
turkey/Cam3_EK001537.JPG,78
turkey/Cam3_EK001538.JPG,78
turkey/Cam3_EK001539.JPG,78
turkey/Cam3_EK001567.JPG,79
turkey/Cam3_EK001568.JPG,79
turkey/Cam3_EK001569.JPG,79
turkey/Cam3_EK001572.JPG,80
turkey/Cam3_EK001573.JPG,81
turkey/Cam3_EK001574.JPG,81
turkey/Cam3_EK001575.JPG,81
