bobcat/Cam4_EK001771.JPG,Cam4
bobcat/Cam4_EK001755.JPG,Cam4
bobcat/Cam4_EK001373.JPG,Cam4
bobcat/Cam4_EK001779.JPG,Cam4
bobcat/Cam4_EK001273.JPG,Cam4
bobcat/Cam4_EK001772.JPG,Cam4
bobcat/Cam4_EK001754.JPG,Cam4
bobcat/Cam4_EK001767.JPG,Cam4
bobcat/Cam4_EK001627.JPG,Cam4
bobcat/Cam4_EK001778.JPG,Cam4
bobcat/Cam3_EK000256.JPG,Cam3
bobcat/Cam3_EK000261.JPG,Cam3
bobcat/Cam4_EK001631.JPG,Cam4
bobcat/Cam4_EK001775.JPG,Cam4
bobcat/Cam4_EK001496.JPG,Cam4
bobcat/Cam3_EK000260.JPG,Cam3
bobcat/Cam4_EK001765.JPG,Cam4
bobcat/Cam3_EK001463.JPG,Cam3
bobcat/Cam4_EK001372.JPG,Cam4
bobcat/Cam4_EK001497.JPG,Cam4
bobcat/Cam4_EK001776.JPG,Cam4
bobcat/Cam3_EK000259.JPG,Cam3
bobcat/Cam3_EK001464.JPG,Cam3
bobcat/Cam4_EK001628.JPG,Cam4
bobcat/Cam4_EK001274.JPG,Cam4
bobcat/Cam3_EK000257.JPG,Cam3
bobcat/Cam3_EK001462.JPG,Cam3
bobcat/Cam4_EK001495.JPG,Cam4
bobcat/Cam4_EK001766.JPG,Cam4
bobcat/Cam4_EK001777.JPG,Cam4
bobcat/Cam4_EK001630.JPG,Cam4
bobcat/Cam4_EK001374.JPG,Cam4
bobcat/Cam4_EK001632.JPG,Cam4
bobcat/Cam4_EK001629.JPG,Cam4
bobcat/Cam3_EK000258.JPG,Cam3
bobcat/Cam4_EK001773.JPG,Cam4
bobcat/Cam4_EK001275.JPG,Cam4
fox/LowerTrailCamera_EK000031.JPG,LowerTrailCamera
fox/LowerTrailCamera_EK002292.JPG,LowerTrailCamera
fox/LowerTrailCamera_EK001413.JPG,LowerTrailCamera
fox/LowerTrailCamera_EK002130.JPG,LowerTrailCamera
fox/LowerTrailCamera_EK000721.JPG,LowerTrailCamera
fox/NorthernTowerMeadowCamera_EK000980.JPG,NorthernTowerMeadowCamera
fox/LowerTrailCamera_EK000050.JPG,LowerTrailCamera
fox/LowerTrailCamera_EK001072.JPG,LowerTrailCamera
fox/LowerTrailCamera_EK000692.JPG,LowerTrailCamera
fox/LowerTrailCamera_EK000918.JPG,LowerTrailCamera
fox/LowerTrailCamera_EK000707.JPG,LowerTrailCamera
fox/LowerTrailCamera_EK000708.JPG,LowerTrailCamera
fox/LowerTrailCamera_EK000705.JPG,LowerTrailCamera
fox/LowerTrailCamera_EK000987.JPG,LowerTrailCamera
fox/LowerTrailCamera_EK000704.JPG,LowerTrailCamera
fox/LowerTrailCamera_EK003339.JPG,LowerTrailCamera
fox/LowerTrailCamera_EK000891.JPG,LowerTrailCamera
fox/LowerTrailCamera_EK000887.JPG,LowerTrailCamera
fox/LowerTrailCamera_EK001414.JPG,LowerTrailCamera
fox/LowerTrailCamera_EK002128.JPG,LowerTrailCamera
fox/LowerTrailCamera_EK000551.JPG,LowerTrailCamera
fox/LowerTrailCamera_EK000210.JPG,LowerTrailCamera
fox/LowerTrailCamera_EK000271.JPG,LowerTrailCamera
fox/LowerTrailCamera_EK000890.JPG,LowerTrailCamera
fox/NorthernTowerMeadowCamera_EK000981.JPG,NorthernTowerMeadowCamera
fox/LowerTrailCamera_EK000917.JPG,LowerTrailCamera
fox/LowerTrailCamera_EK000691.JPG,LowerTrailCamera
fox/LowerTrailCamera_EK002290.JPG,LowerTrailCamera
fox/LowerTrailCamera_EK000123.JPG,LowerTrailCamera
fox/LowerTrailCamera_EK000985.JPG,LowerTrailCamera
fox/LowerTrailCamera_EK002291.JPG,LowerTrailCamera
fox/LowerTrailCamera_EK000979.JPG,LowerTrailCamera
fox/LowerTrailCamera_EK001014.JPG,LowerTrailCamera
fox/LowerTrailCamera_EK002294.JPG,LowerTrailCamera
fox/LowerTrailCamera_EK000268.JPG,LowerTrailCamera
fox/LowerTrailCamera_EK001073.JPG,LowerTrailCamera
fox/LowerTrailCamera_EK000122.JPG,LowerTrailCamera
fox/LowerTrailCamera_EK002293.JPG,LowerTrailCamera
fox/LowerTrailCamera_EK000269.JPG,LowerTrailCamera
fox/LowerTrailCamera_EK000757.JPG,LowerTrailCamera
fox/LowerTrailCamera_EK000552.JPG,LowerTrailCamera
fox/LowerTrailCamera_EK000032.JPG,LowerTrailCamera
fox/LowerTrailCamera_EK001411.JPG,LowerTrailCamera
fox/LowerTrailCamera_EK001416.JPG,LowerTrailCamera
fox/LowerTrailCamera_EK000924.JPG,LowerTrailCamera
fox/LowerTrailCamera_EK000881.JPG,LowerTrailCamera
fox/LowerTrailCamera_EK001013.JPG,LowerTrailCamera
fox/LowerTrailCamera_EK000706.JPG,LowerTrailCamera
fox/NorthernTowerMeadowCamera_EK000821.JPG,NorthernTowerMeadowCamera
fox/LowerTrailCamera_EK000208.JPG,LowerTrailCamera
fox/LowerTrailCamera_EK002295.JPG,LowerTrailCamera
fox/LowerTrailCamera_EK000888.JPG,LowerTrailCamera
fox/LowerTrailCamera_EK000986.JPG,LowerTrailCamera
fox/LowerTrailCamera_EK000553.JPG,LowerTrailCamera
fox/LowerTrailCamera_EK000723.JPG,LowerTrailCamera
fox/LowerTrailCamera_EK000882.JPG,LowerTrailCamera
fox/LowerTrailCamera_EK001412.JPG,LowerTrailCamera
fox/LowerTrailCamera_EK001415.JPG,LowerTrailCamera
fox/LowerTrailCamera_EK000922.JPG,LowerTrailCamera
fox/NorthernTowerMeadowCamera_EK000979.JPG,NorthernTowerMeadowCamera
fox/LowerTrailCamera_EK000049.JPG,LowerTrailCamera
fox/LowerTrailCamera_EK002129.JPG,LowerTrailCamera
fox/LowerTrailCamera_EK000886.JPG,LowerTrailCamera
fox/LowerTrailCamera_EK000033.JPG,LowerTrailCamera
fox/LowerTrailCamera_EK000916.JPG,LowerTrailCamera
fox/LowerTrailCamera_EK000121.JPG,LowerTrailCamera
fox/LowerTrailCamera_EK000693.JPG,LowerTrailCamera
fox/LowerTrailCamera_EK000988.JPG,LowerTrailCamera
fox/LowerTrailCamera_EK000980.JPG,LowerTrailCamera
fox/NorthernTowerMeadowCamera_EK000822.JPG,NorthernTowerMeadowCamera
fox/LowerTrailCamera_EK000989.JPG,LowerTrailCamera
fox/LowerTrailCamera_EK001012.JPG,LowerTrailCamera
fox/LowerTrailCamera_EK000270.JPG,LowerTrailCamera
fox/LowerTrailCamera_EK000883.JPG,LowerTrailCamera
fox/LowerTrailCamera_EK000555.JPG,LowerTrailCamera
fox/LowerTrailCamera_EK000209.JPG,LowerTrailCamera
fox/LowerTrailCamera_EK000923.JPG,LowerTrailCamera
fox/LowerTrailCamera_EK000981.JPG,LowerTrailCamera
fox/LowerTrailCamera_EK000889.JPG,LowerTrailCamera
fox/LowerTrailCamera_EK000722.JPG,LowerTrailCamera
fox/LowerTrailCamera_EK000554.JPG,LowerTrailCamera
fox/LowerTrailCamera_EK000051.JPG,LowerTrailCamera
fox/LowerTrailCamera_EK001074.JPG,LowerTrailCamera
possum/Cam3_EK000119.JPG,Cam3
possum/Cam3_EK000012.JPG,Cam3
possum/Cam3_EK000263.JPG,Cam3
possum/Cam3_EK000010.JPG,Cam3
possum/Cam3_EK000120.JPG,Cam3
possum/Cam3_EK000014.JPG,Cam3
possum/Cam3_EK000276.JPG,Cam3
possum/Cam3_EK000118.JPG,Cam3
possum/Cam3_EK000152.JPG,Cam3
possum/Cam3_EK000151.JPG,Cam3
possum/Cam3_EK000264.JPG,Cam3
possum/Cam3_EK000163.JPG,Cam3
possum/Cam3_EK000153.JPG,Cam3
possum/Cam3_EK000275.JPG,Cam3
possum/Cam3_EK000011.JPG,Cam3
possum/Cam3_EK000262.JPG,Cam3
possum/Cam3_EK000129.JPG,Cam3
possum/Cam3_EK000278.JPG,Cam3
possum/Cam3_EK000127.JPG,Cam3
possum/Cam3_EK000016.JPG,Cam3
possum/Cam3_EK000013.JPG,Cam3
possum/Cam3_EK000017.JPG,Cam3
possum/Cam3_EK000279.JPG,Cam3
possum/Cam3_EK000128.JPG,Cam3
possum/Cam3_EK000015.JPG,Cam3
possum/Cam3_EK000277.JPG,Cam3
raven/LowerTrailCamera_EK003441.JPG,LowerTrailCamera
raven/LowerTrailCamera_EK003326.JPG,LowerTrailCamera
raven/NorthernTowerMeadowCamera_EK000101.JPG,NorthernTowerMeadowCamera
raven/LowerTrailCamera_EK003582.JPG,LowerTrailCamera
raven/LowerTrailCamera_EK003551.JPG,LowerTrailCamera
raven/LowerTrailCamera_EK003324.JPG,LowerTrailCamera
raven/NorthernTowerMeadowCamera_EK003366.JPG,NorthernTowerMeadowCamera
raven/LowerTrailCamera_EK003323.JPG,LowerTrailCamera
raven/NorthernTowerMeadowCamera_EK000102.JPG,NorthernTowerMeadowCamera
raven/LowerTrailCamera_EK003580.JPG,LowerTrailCamera
raven/LowerTrailCamera_EK003550.JPG,LowerTrailCamera
raven/NorthernTowerMeadowCamera_EK003320.JPG,NorthernTowerMeadowCamera
raven/LowerTrailCamera_EK003325.JPG,LowerTrailCamera
raven/LowerTrailCamera_EK003322.JPG,LowerTrailCamera
raven/NorthernTowerMeadowCamera_EK000100.JPG,NorthernTowerMeadowCamera
raven/NorthernTowerMeadowCamera_EK003321.JPG,NorthernTowerMeadowCamera
raven/NorthernTowerMeadowCamera_EK003333.JPG,NorthernTowerMeadowCamera
raven/LowerTrailCamera_EK003522.JPG,LowerTrailCamera
raven/NorthernTowerMeadowCamera_EK003319.JPG,NorthernTowerMeadowCamera
raven/LowerTrailCamera_EK003439.JPG,LowerTrailCamera
raven/LowerTrailCamera_EK000511.JPG,LowerTrailCamera
raven/LowerTrailCamera_EK003572.JPG,LowerTrailCamera
raven/NorthernTowerMeadowCamera_EK003331.JPG,NorthernTowerMeadowCamera
raven/LowerTrailCamera_EK003521.JPG,LowerTrailCamera
raven/LowerTrailCamera_EK003552.JPG,LowerTrailCamera
raven/LowerTrailCamera_EK003520.JPG,LowerTrailCamera
raven/LowerTrailCamera_EK003440.JPG,LowerTrailCamera
raven/NorthernTowerMeadowCamera_EK003365.JPG,NorthernTowerMeadowCamera
raven/NorthernTowerMeadowCamera_EK003332.JPG,NorthernTowerMeadowCamera
raven/LowerTrailCamera_EK003571.JPG,LowerTrailCamera
raven/LowerTrailCamera_EK003573.JPG,LowerTrailCamera
raven/LowerTrailCamera_EK003581.JPG,LowerTrailCamera
raven/LowerTrailCamera_EK003327.JPG,LowerTrailCamera
turkey/Cam3_EK001539.JPG,Cam3
turkey/Cam3_EK000035.JPG,Cam3
turkey/Cam3_EK000025.JPG,Cam3
turkey/Cam3_EK000030.JPG,Cam3
turkey/Cam3_EK001454.JPG,Cam3
turkey/Cam3_EK001264.JPG,Cam3
turkey/Cam3_EK001567.JPG,Cam3
turkey/Cam3_EK001266.JPG,Cam3
turkey/Cam3_EK001455.JPG,Cam3
turkey/Cam3_EK001295.JPG,Cam3
turkey/Cam3_EK000031.JPG,Cam3
turkey/Cam3_EK001538.JPG,Cam3
turkey/Cam3_EK001453.JPG,Cam3
turkey/Cam3_EK001305.JPG,Cam3
turkey/Cam3_EK001568.JPG,Cam3
turkey/Cam3_EK001498.JPG,Cam3
turkey/Cam3_EK001495.JPG,Cam3
turkey/Cam3_EK001265.JPG,Cam3
turkey/Cam3_EK000029.JPG,Cam3
turkey/Cam3_EK000033.JPG,Cam3
turkey/Cam3_EK001303.JPG,Cam3
turkey/Cam3_EK001575.JPG,Cam3
turkey/Cam3_EK000028.JPG,Cam3
turkey/Cam3_EK000026.JPG,Cam3
turkey/Cam3_EK001496.JPG,Cam3
turkey/Cam3_EK000027.JPG,Cam3
turkey/Cam3_EK001500.JPG,Cam3
turkey/Cam3_EK001497.JPG,Cam3
turkey/Cam3_EK001304.JPG,Cam3
turkey/Cam3_EK000036.JPG,Cam3
turkey/Cam3_EK000032.JPG,Cam3
turkey/Cam3_EK001294.JPG,Cam3
turkey/Cam3_EK000034.JPG,Cam3
turkey/Cam3_EK001574.JPG,Cam3
turkey/Cam3_EK001573.JPG,Cam3
turkey/Cam3_EK001569.JPG,Cam3
turkey/Cam3_EK001296.JPG,Cam3
turkey/Cam3_EK001572.JPG,Cam3
turkey/Cam3_EK001537.JPG,Cam3
turkey/Cam3_EK001499.JPG,Cam3
